participant_id	sex
sub-NeuroEpo39	M
sub-NeuroEpo94	M
sub-NeuroEpo95	M
sub-NeuroEpo79	n/a
sub-NeuroEpo45	M
sub-NeuroEpo1	M
sub-NeuroEpo31	n/a
sub-NeuroEpo82	M
sub-NeuroEpo85	M
sub-NeuroEpo21	M
sub-NeuroEpo88	n/a
sub-NeuroEpo13	F
sub-NeuroEpo9	F
sub-NeuroEpo12	M
sub-NeuroEpo100	M
sub-NeuroEpo7	M
sub-NeuroEpo40	M
sub-NeuroEpo25	F
sub-NeuroEpo15	M
sub-NeuroEpo20	M
sub-NeuroEpo2	M
sub-NeuroEpo55	M
sub-NeuroEpo93	M
sub-NeuroEpo34	M
sub-NeuroEpo86	F
sub-NeuroEpo22	M
sub-NeuroEpo89	M
sub-NeuroEpo29	F
sub-NeuroEpo76	M
sub-NeuroEpo4	F
sub-NeuroEpo43	M
sub-NeuroEpo84	M
sub-NeuroEpo63	M
sub-NeuroEpo10	M
sub-NeuroEpo35	M
sub-NeuroEpo6	M
sub-NeuroEpo69	M
sub-NeuroEpo27	M
sub-NeuroEpo99	M
sub-NeuroEpo37	M
sub-NeuroEpo74	M
sub-NeuroEpo3	M
sub-NeuroEpo18	M
sub-NeuroEpo5	F
sub-NeuroEpo38	F
